{
  "feature_cols": [
    "own_badge_wmean",
    "enemy_badge_wmean",
    "own_badge_mean",
    "enemy_badge_mean",
    "own_badge_r10",
    "enemy_badge_r10",
    "own_badge_wstd",
    "enemy_nw_avg_mean",
    "enemy_dmg_avg_mean",
    "hero_hist_badge_wmean",
    "hero_hist_badge_max",
    "hist_kills_pm",
    "hist_hero_diversity",
    "player_kills_pm_wmean",
    "player_kills_pm_r10",
    "cs_efficiency_mean",
    "cs_x_hero_badge",
    "shot_accuracy_wmean",
    "win_rate_wmean",
    "net_worth_pm_wmean",
    "kda_wmean",
    "denies_pm_wmean",
    "nw_ratio_wmean"
  ],
  "n_features": 23,
  "blend_lgbm_weight": 0.3,
  "calibration_threshold": 58.0,
  "isotonic_knots_x": [
    58.001025231110475,
    58.00153024133634,
    58.001613671868796,
    58.002780703233924,
    58.00294777598085,
    58.02589063012786,
    58.02620106046865,
    58.044874097684165,
    58.04563541348388,
    58.122462409671925,
    58.122496269864854,
    58.421709492805434,
    58.422142897153265,
    58.466414756475885,
    58.466851054050366,
    58.797000656939275,
    58.799065373862575,
    58.803448903899906,
    58.805252286109734,
    58.808342918117845,
    58.80998106627989,
    58.99037429924506,
    58.9905707138024,
    59.02474364866197,
    59.02476369555475,
    59.22352855297108,
    59.226201668201284,
    59.30458379835902,
    59.30659146675307,
    59.38687726938073,
    59.387119219162486,
    59.38933159541153,
    59.38968524094949,
    59.74843314844655,
    59.74892693190317,
    59.830921376843264,
    59.831220553762435,
    60.130104643306424,
    60.130877156509854,
    60.21545616234955,
    60.21549230539633,
    60.21633963598825,
    60.226289483626374,
    60.226322577968546,
    60.27793323534466,
    60.27890071161112,
    60.32240359297677,
    60.32445220206441,
    60.54142310573057,
    60.54165205027192,
    60.82824566697173,
    60.82892357773903,
    60.83318571887881,
    60.835221280482884,
    60.84008052100752,
    60.84046401977375,
    60.86337276817063,
    60.863509758958514,
    60.92822028139959,
    60.92921518244306,
    61.15377046374417,
    61.15462344584856,
    61.31093958737,
    61.31118629417412,
    61.335510302766764,
    61.33580087784462,
    61.410415209407304,
    61.410900116700994,
    61.42101952587586,
    61.42110545278753,
    61.45979300638247,
    61.46032326707168,
    61.51035397435385,
    61.510990005068265,
    61.658546251425236,
    61.659518005250135,
    61.71333878664879,
    61.71385605464968,
    61.970788794030476,
    61.97080327666647,
    62.07987673541463,
    62.081087709136625,
    62.18985797460806,
    62.19001694532858,
    62.36552739531628,
    62.367150078536454,
    62.51128012297508,
    62.511386680000015,
    62.51905683282361,
    62.52009845681846,
    62.64366119299685,
    62.64379115269632,
    62.6555486322273,
    62.65567255505212,
    62.717953432765306,
    62.71907421009469,
    62.857252076940824,
    62.85819425053147,
    63.126994910765845,
    63.127174286287975,
    63.20634447992393,
    63.206778639496406,
    63.20739220189472,
    63.20825348280473,
    63.26442593249079,
    63.2654642360231,
    63.340163097392676,
    63.34300949173768,
    63.385536299410994,
    63.38627764542968,
    63.50742271524514,
    63.50777512208496,
    63.60277996554705,
    63.60372353304216,
    63.77139284184963,
    63.77158305584949,
    63.787103856029816,
    63.78755921586965,
    63.870201581918636,
    63.87127594751139,
    63.88597514546149,
    63.88641640189427,
    63.96445381760398,
    63.96453881742127,
    64.09629940445463,
    64.09694897900704,
    64.36379031577323,
    64.36421160936467,
    64.4428050977437,
    64.4428967574672,
    64.54552400662291,
    64.54633689170254,
    64.56106037676525,
    64.56118140845892,
    64.56121883820234,
    64.56124869449769,
    64.57079130902316,
    64.57100468426266,
    64.69296761496068,
    64.69304312000637,
    64.75169253267762,
    64.75207496166438,
    64.79580851831105,
    64.79610320574162,
    64.87091686987381,
    64.87099035407476,
    64.88291387064947,
    64.88336974796506,
    65.0017599910908,
    65.00237150018634,
    65.03898462640382,
    65.03903753983835,
    65.05025470226668,
    65.0503050391471,
    65.05391273775795,
    65.05393681084723,
    65.0967107506226,
    65.09688025502986,
    65.10360708134215,
    65.10385527289604,
    65.1371155809784,
    65.13719932182306,
    65.22413713632059,
    65.22427062190164,
    65.23790924400195,
    65.23807447972375,
    65.26372596342412,
    65.26394890815519,
    65.27606573634107,
    65.27620530401808,
    65.27790607122131,
    65.27795469770173,
    65.28317944892919,
    65.28318096764629,
    65.30236479257786,
    65.30242611067314,
    65.37854394741491,
    65.3786036541768,
    65.44539040236918,
    65.44546837332828,
    65.4483553752943,
    65.44836409381452,
    65.45539316356897,
    65.45595109254744,
    65.45646091588493,
    65.45649758507132,
    65.46435344745912,
    65.4643908919476,
    65.47392319152338,
    65.47397971101333,
    65.55860266965846,
    65.55877874320953,
    65.57042375933035,
    65.57051883025774,
    65.59739451093549,
    65.59740550874852,
    65.63924280251102,
    65.6393324147391,
    65.68097005991292,
    65.68103681212199,
    65.68239316903038,
    65.68259459521639,
    65.73803209876448,
    65.73806290178193,
    65.75039779666622,
    65.75056803740438,
    65.77998877345759,
    65.78006377950835,
    65.78773495082817,
    65.78788537315984,
    65.79278916060223,
    65.79281572526128,
    65.81152753356055,
    65.81168453678029,
    65.8133602026601,
    65.8134170443232,
    65.81623436057777,
    65.81655364848159,
    65.82208383786612,
    65.82211222031395,
    65.92885915357566,
    65.92892122872342,
    65.93719577933972,
    65.93753394302746,
    66.01352134671318,
    66.01385030470777,
    66.02530131703323,
    66.02531514845091,
    66.06937747158764,
    66.06988109755198,
    66.19424743402567,
    66.19471981365271,
    67.86743593100587,
    68.11283045956304,
    68.97739528438466
  ],