{
  "feature_cols": [
    "own_badge_wmean",
    "enemy_badge_wmean",
    "own_badge_mean",
    "enemy_badge_mean",
    "own_badge_r10",
    "enemy_badge_r10",
    "own_badge_wstd",
    "enemy_nw_avg_mean",
    "enemy_dmg_avg_mean",
    "hero_hist_badge_wmean",
    "hero_hist_badge_max",
    "hist_kills_pm",
    "hist_hero_diversity",
    "player_kills_pm_wmean",
    "player_kills_pm_r10",
    "cs_efficiency_mean",
    "cs_x_hero_badge",
    "shot_accuracy_wmean",
    "win_rate_wmean",
    "net_worth_pm_wmean",
    "kda_wmean",
    "denies_pm_wmean",
    "nw_ratio_wmean"
  ],
  "n_features": 23,
  "blend_lgbm_weight": 0.3,
  "calibration_threshold": 58.0,
  "isotonic_knots_x": [
    58.001115281566015,
    58.00611221673691,
    58.00710593943526,
    58.00982950571872,
    58.011569258251306,
    58.01269793717375,
    58.12313652048176,
    58.12345183087283,
    58.377948937021415,
    58.37855343583999,
    58.415980332123944,
    58.416408050409885,
    58.44410184548519,
    58.445373116881385,
    58.58771192709327,
    58.5877953880624,
    58.71935297870871,
    58.719402132941795,
    58.7416870013269,
    58.74194348556338,
    58.957525521103015,
    58.95789391841241,
    58.991224615911904,
    58.99180195430084,
    59.011718035882225,
    59.012566754729896,
    59.0360509972413,
    59.0375638425034,
    59.03773143722378,
    59.03790089010367,
    59.0634841884705,
    59.06396129116576,
    59.254622490113384,
    59.25629949006624,
    59.7115516723882,
    59.71181920671238,
    59.74421371453447,
    59.74427632108964,
    59.861008311222385,
    59.861441898227554,
    59.960495522504665,
    59.96250655376624,
    60.07200199929856,
    60.07247984298304,
    60.274581305142235,
    60.27522437213452,
    60.31157458635671,
    60.31236432576642,
    60.31381333046376,
    60.3140460310111,
    60.58734134575829,
    60.58945770904411,
    60.74850263717366,
    60.748607798404045,
    60.75950950030354,
    60.76001525024822,
    60.8322739664804,
    60.83328262681076,
    60.84629686688348,
    60.84697525306376,
    60.92734523615184,
    60.92901041472916,
    61.23048152475273,
    61.2323260906487,
    61.26189966332062,
    61.26211781308601,
    61.6506049112505,
    61.65185055949397,
    61.68523418213938,
    61.68545665540361,
    61.685897301020944,
    61.68663583209366,
    61.94324061677317,
    61.943981362791504,
    62.02887217535814,
    62.028874744708276,
    62.02963686601554,
    62.11436386153781,
    62.11571736029268,
    62.22144390872403,
    62.22197472213186,
    62.33705575645324,
    62.33822205194147,
    62.34356438760903,
    62.344272241257315,
    62.38634502089702,
    62.38639486135884,
    62.44741246249066,
    62.44801657755457,
    62.65785269066966,
    62.660308027845545,
    62.75005513144872,
    62.75032589235144,
    62.8755563072523,
    62.876043474758646,
    62.96621727171244,
    62.966472181482466,
    62.984114296361355,
    62.98432496123434,
    63.00552313644876,
    63.00577194397752,
    63.03885867348495,
    63.03908237108715,
    63.047573328765324,
    63.04921572224395,
    63.13854907052424,
    63.139156865063626,
    63.18367419500283,
    63.18422101227955,
    63.26446033572416,
    63.26454107188581,
    63.37670308642703,
    63.377721486898125,
    63.39151742315529,
    63.391727213482454,
    63.543756444487414,
    63.54458344469337,
    63.74911939497604,
    63.75123495691164,
    63.756954151924376,
    63.75711616944305,
    63.844039995484195,
    63.84404231808668,
    63.88599236396058,
    63.886843160495516,
    64.23081113941605,
    64.2321067431453,
    64.29831223266206,
    64.29844819481607,
    64.45712872103593,
    64.45739214757637,
    64.54401596545657,
    64.54412182775714,
    64.57358776671815,
    64.57370459472027,
    64.69365082078994,
    64.69377468104335,
    64.77662391788766,
    64.77686857731057,
    64.79765073570343,
    64.797699666749,
    64.95883707138441,
    64.95891052219184,
    65.00957573758419,
    65.00962954171624,
    65.01300868493226,
    65.01305054535646,
    65.04736388589686,
    65.04741154785744,
    65.09659313036596,
    65.09687830887233,
    65.09774749621857,
    65.09784841465711,
    65.14468320278655,
    65.14484208071582,
    65.15020982700291,
    65.15021255040845,
    65.21429937470052,
    65.21447815715143,
    65.21819469628817,
    65.2183970979394,
    65.29285744376763,
    65.29287283320787,
    65.29406111607061,
    65.29408968485731,
    65.29624843123605,
    65.29644564863165,
    65.33365201049621,
    65.33379510397747,
    65.34193931389964,
    65.34200572042387,
    65.36880100630009,
    65.36889213759116,
    65.49180643390154,
    65.49199798777983,
    65.5202875008042,
    65.5204775399937,
    65.5376938948895,
    65.53792768257773,
    65.58658824360981,
    65.58670244182811,
    65.59068808450338,
    65.5908045748422,
    65.60066690709418,
    65.60072146987557,
    65.63771670431707,
    65.63772665870503,
    65.6585439533525,
    65.65862580030456,
    65.70465092140142,
    65.70486700132133,
    65.78044468049663,
    65.78069373175232,
    65.93214220660774,
    65.9321581549935,
    65.94565655269949,
    65.94577234475337,
    65.99783382789997,
    65.99783479918779,
    66.0474456950218,
    66.04787327770305,
    66.1027135454722,
    66.10274766235678,
    68.19904849426509,
    68.36712971557223,
    68.93683689217255
  ],