{
  "feature_cols": [
    "own_badge_wmean",
    "enemy_badge_wmean",
    "own_badge_mean",
    "enemy_badge_mean",
    "own_badge_r10",
    "enemy_badge_r10",
    "own_badge_wstd",
    "enemy_nw_avg_mean",
    "enemy_dmg_avg_mean",
    "hero_hist_badge_wmean",
    "hero_hist_badge_max",
    "hist_kills_pm",
    "hist_hero_diversity",
    "player_kills_pm_wmean",
    "player_kills_pm_r10",
    "cs_efficiency_mean",
    "cs_x_hero_badge",
    "shot_accuracy_wmean",
    "win_rate_wmean",
    "net_worth_pm_wmean",
    "kda_wmean",
    "denies_pm_wmean",
    "nw_ratio_wmean"
  ],
  "n_features": 23,
  "blend_lgbm_weight": 0.3,
  "calibration_threshold": 58.0,
  "isotonic_knots_x": [
    58.00120999298235,
    58.013533571803336,
    58.01354094291,
    58.02843758049373,
    58.02848928791151,
    58.061556821391406,
    58.06270161466151,
    58.10039345974832,
    58.100559955877486,
    58.126955871265096,
    58.13188245778774,
    58.15549194681397,
    58.156699721881466,
    58.15810766782501,
    58.15825522043049,
    58.267671242626605,
    58.26891733387898,
    58.43083446767692,
    58.430904459798086,
    58.444429529657405,
    58.44499792184092,
    58.75460985554628,
    58.75721303881929,
    58.95981176690732,
    58.96091558833764,
    58.968337703209684,
    58.968845048824036,
    59.01183291039904,
    59.012175121141,
    59.156043723432084,
    59.156120232947984,
    59.16149127348196,
    59.16150204329427,
    59.25911419718047,
    59.25911420634122,
    59.2617268926681,
    59.26201499503267,
    59.494817936683745,
    59.495243350901305,
    59.673085595136314,
    59.673221585899334,
    59.83829572714121,
    59.83846359777142,
    60.01714052275506,
    60.01746316547059,
    60.01876715115873,
    60.01886875237699,
    60.052165875096875,
    60.0523278460088,
    60.07671043835009,
    60.07800696302583,
    60.147053817427086,
    60.147145397136,
    60.213138731831705,
    60.213534783766946,
    60.22543670031076,
    60.22553324487369,
    60.53760906580442,
    60.537865742847956,
    60.562328395381016,
    60.563133512999585,
    60.903712301788296,
    60.90560622514634,
    60.912496584462225,
    60.9135211058131,
    61.08661924288862,
    61.087450173701356,
    61.1039987435238,
    61.10727757713724,
    61.12100877705291,
    61.121994125366484,
    61.15579499705426,
    61.15585365739291,
    61.17061999118033,
    61.170699253871135,
    61.59654942500916,
    61.59822794964836,
    61.62800287206581,
    61.62949525237194,
    61.62959807484526,
    61.62964683967588,
    61.64061931976546,
    61.64146472064867,
    61.844009365933374,
    61.844616268478376,
    61.88573420586758,
    61.886054674606896,
    61.92450461083067,
    61.9249076801449,
    61.92709863366239,
    61.92731369669323,
    62.13698217162643,
    62.13755187228615,
    62.571434264572396,
    62.5728761012747,
    62.791908513309636,
    62.79231849336283,
    62.81683499113452,
    62.81705851775346,
    62.89236453393297,
    62.892901346859105,
    62.92704016143786,
    62.927043763546536,
    63.06968254696731,
    63.0698621716382,
    63.15934630655583,
    63.15952999664871,
    63.22800078853389,
    63.2283172725656,
    63.32595036908747,
    63.32604266483523,
    63.35690514837906,
    63.35714330946968,
    63.513575456525245,
    63.513964279657046,
    63.54175220743305,
    63.541853206296715,
    63.60279875474589,
    63.60294017946353,
    63.6663090532989,
    63.66677621785201,
    63.69098312655769,
    63.69125141269461,
    63.69694274133725,
    63.69719622616975,
    63.83842746658269,
    63.8394981576555,
    64.1228695228223,
    64.12324995090454,
    64.2760986587828,
    64.27634582021113,
    64.29792662607211,
    64.2979950106921,
    64.3276100411796,
    64.32814853078251,
    64.43757250202121,
    64.43823333203227,
    64.45320415514811,
    64.45396844489498,
    64.4613320585091,
    64.4613379827062,
    64.51165581052037,
    64.5116668734239,
    64.77848366454913,
    64.77874916383979,
    64.78523118566936,
    64.78564881930873,
    64.80598695985009,
    64.8059962843147,
    64.81858273605442,
    64.81868265218495,
    64.87526451605069,
    64.87617391975591,
    64.98022797591439,
    64.98023644224229,
    64.98951909197878,
    64.98958226495132,
    65.05987612076873,
    65.0598874765882,
    65.12021569302186,
    65.12030774261055,
    65.1219884605356,
    65.12200470609486,
    65.12255553867841,
    65.12256325133566,
    65.12872317720365,
    65.12892626426361,
    65.24222059376179,
    65.2425838650579,
    65.27673443488243,
    65.27687073943126,
    65.3023240163393,
    65.30232748979415,
    65.32141872347675,
    65.3214557017035,
    65.35639734838836,
    65.3567336170554,
    65.35867254377544,
    65.35870976975482,
    65.36564819487359,
    65.36600942962367,
    65.47011611641412,
    65.47022104851989,
    65.52232379357613,
    65.5224759302347,
    65.5849887790719,
    65.58504123540109,
    65.58813973421303,
    65.58819774853279,
    65.59295155402332,
    65.59296388081961,
    65.63682842168986,
    65.6368913270215,
    65.65318929085366,
    65.65331776099512,
    65.7826541574812,
    65.78270314175998,
    65.79334690861857,
    65.79334775660806,
    65.84186596551312,
    65.84190135706521,
    65.84283083977306,
    65.8428970648712,
    65.84811593086765,
    65.84815118099057,
    65.97607699855986,
    65.97616400778894,
    65.9820532937268,
    65.98218024321781,
    66.06543913448395,
    66.06619941093355,
    66.15597757292727,
    66.15650258159843,
    66.19355026613465,
    66.19396791796953,
    66.22452562340658,
    66.2252366246855,
    66.26333472501666,
    66.26364277460746,
    67.80233803412395
  ],