{
  "feature_cols": [
    "own_badge_wmean",
    "enemy_badge_wmean",
    "own_badge_mean",
    "enemy_badge_mean",
    "own_badge_r10",
    "enemy_badge_r10",
    "own_badge_wstd",
    "enemy_nw_avg_mean",
    "enemy_dmg_avg_mean",
    "hero_hist_badge_wmean",
    "hero_hist_badge_max",
    "hist_kills_pm",
    "hist_hero_diversity",
    "player_kills_pm_wmean",
    "player_kills_pm_r10",
    "cs_efficiency_mean",
    "cs_x_hero_badge",
    "shot_accuracy_wmean",
    "win_rate_wmean",
    "net_worth_pm_wmean",
    "kda_wmean",
    "denies_pm_wmean",
    "nw_ratio_wmean"
  ],
  "n_features": 23,
  "blend_lgbm_weight": 0.3,
  "calibration_threshold": 58.0,
  "isotonic_knots_x": [
    58.00209505352692,
    58.00815313307237,
    58.00834218860192,
    58.00988715047625,
    58.00994339828984,
    58.018740543094864,
    58.01879916041457,
    58.02173489304806,
    58.02299241983038,
    58.232647178996594,
    58.2330827377153,
    58.506582263698505,
    58.506956993446614,
    58.845644321084364,
    58.845651560376226,
    59.414163320287656,
    59.41429119656778,
    59.51254494922986,
    59.513460232586695,
    59.53757464866037,
    59.53772447288243,
    59.742903978862884,
    59.74451285058009,
    59.763367018516064,
    59.763700468128164,
    59.77700386614708,
    59.778379327880955,
    59.948035642769355,
    59.949406428425846,
    59.973117301417304,
    59.97339950217177,
    60.116865186450134,
    60.11743867049303,
    60.500672396279796,
    60.50144100028153,
    60.630148048265745,
    60.630326655677145,
    60.63757377529714,
    60.637659196535964,
    60.66713877906952,
    60.66890888699193,
    60.87384117898181,
    60.87537876707041,
    60.89542761322527,
    60.89583800040761,
    60.95969015296485,
    60.96123234971809,
    61.07234655452798,
    61.07321805413719,
    61.23679078946374,
    61.23693337775042,
    61.49531912508078,
    61.49783725571616,
    61.5496248858796,
    61.55052326896763,
    61.58101407845626,
    61.5814138427116,
    61.794103400772954,
    61.79472974379446,
    61.900607763147946,
    61.900816737496754,
    61.97411856220123,
    61.974191467425314,
    62.18652389866821,
    62.18803478894643,
    62.18935492517279,
    62.1897709875316,
    62.25129489447783,
    62.25185116931936,
    62.46824180010216,
    62.46866280667364,
    62.47647675257518,
    62.47883866434602,
    62.53967367811839,
    62.540280116274204,
    62.56034090390257,
    62.560619264999374,
    62.66365539428992,
    62.66396687255423,
    62.67818387853367,
    62.67832447743996,
    62.85036057438343,
    62.85186612906119,
    62.87783944087486,
    62.878542650549946,
    62.93525328122888,
    62.93539518075412,
    62.94879061465001,
    62.94889759038304,
    62.995877111291435,
    62.99603866257307,
    63.00248589146224,
    63.003372895099325,
    63.04107590468557,
    63.04109284493758,
    63.10404257185861,
    63.104378862452535,
    63.165923817723026,
    63.16635874050486,
    63.235859485375244,
    63.237042696923844,
    63.29959484761993,
    63.299680293821034,
    63.391892117046595,
    63.392267366223166,
    63.40013451495997,
    63.40027236289792,
    63.45838553590859,
    63.458401238744386,
    63.57549721446939,
    63.57589023420344,
    63.661814219534286,
    63.66192519044277,
    63.76967111891231,
    63.769897478900646,
    63.87253610978092,
    63.87306426861086,
    64.10829476861257,
    64.10984217241639,
    64.12640306996431,
    64.12704191039806,
    64.68647435085532,
    64.68692602368921,
    64.69211762689216,
    64.69267171991636,
    64.70204587595083,
    64.70254484514315,
    64.7117203672554,
    64.71207805911129,
    64.71425527272051,
    64.71446813267852,
    64.73485635238029,
    64.73490601731208,
    64.75910719528696,
    64.75915454623942,
    64.85084060049633,
    64.85094303207106,
    64.86682658400258,
    64.86692169059842,
    64.87955747925972,
    64.88003054728401,
    64.88208315837711,
    64.8820950183637,
    64.99137884135155,
    64.99149012390377,
    65.04519973960086,
    65.04545681655101,
    65.07178953187686,
    65.07187092695062,
    65.16748687343136,
    65.16770769219573,
    65.16850646559614,
    65.16850662265514,
    65.22581882459743,
    65.22582995657719,
    65.2386500086983,
    65.23867658153208,
    65.24194692363935,
    65.2419662711411,
    65.25985890604619,
    65.25990135875529,
    65.27750965349068,
    65.27751744399961,
    65.30144286357634,
    65.3015591830029,
    65.31735857519207,
    65.31736124249355,
    65.36084275954397,
    65.36153290604796,
    65.45358184625861,
    65.45397570012022,
    65.48990051101438,
    65.489965494291,
    65.49465025237043,
    65.49470372405628,
    65.49854338582227,
    65.49856213808145,
    65.53376006141723,
    65.53382777772084,
    65.65134795449781,
    65.65160500779496,
    65.6916078449558,
    65.69185910384591,
    65.72457868408043,
    65.7245876103403,
    65.76495314404205,
    65.76497015829449,
    65.83763768206029,
    65.83827324463311,
    65.90784247124716,
    65.90807388353589,
    65.97439644408647,
    65.97446209099522,
    65.99614156137994,
    65.99614420081915,
    66.03005846663292,
    66.03012575401463,
    66.12233241575086,
    66.12257980125351,
    66.13176146140876,
    66.13191296642907,
    67.69888011262691,
    67.72200756918954,
    69.18476494736367
  ],