{
  "feature_cols": [
    "own_badge_wmean",
    "enemy_badge_wmean",
    "own_badge_mean",
    "enemy_badge_mean",
    "own_badge_r10",
    "enemy_badge_r10",
    "own_badge_wstd",
    "enemy_nw_avg_mean",
    "enemy_dmg_avg_mean",
    "hero_hist_badge_wmean",
    "hero_hist_badge_max",
    "hist_kills_pm",
    "hist_hero_diversity",
    "player_kills_pm_wmean",
    "player_kills_pm_r10",
    "cs_efficiency_mean",
    "cs_x_hero_badge",
    "shot_accuracy_wmean",
    "win_rate_wmean",
    "net_worth_pm_wmean",
    "kda_wmean",
    "denies_pm_wmean",
    "nw_ratio_wmean"
  ],
  "n_features": 23,
  "blend_lgbm_weight": 0.3,
  "calibration_threshold": 58.0,
  "isotonic_knots_x": [
    58.00000574808109,
    58.057896441746266,
    58.0581303788346,
    58.57461175488774,
    58.574936471258624,
    58.838645521819004,
    58.83903125876722,
    58.86819793300657,
    58.868556035769444,
    58.973940003362245,
    58.974021301374044,
    59.15374443740399,
    59.15380830165326,
    59.37628816427754,
    59.37902998745433,
    59.40802693572149,
    59.40850453527275,
    59.631568038282694,
    59.631672652629305,
    59.721686648655464,
    59.721777333930646,
    59.877439167734195,
    59.877819442996355,
    60.11688511034558,
    60.117854836366064,
    60.48873621613445,
    60.489015684495726,
    60.492585457872266,
    60.49486465375412,
    60.694030385902536,
    60.69426828277993,
    60.71745942492794,
    60.718992595127645,
    60.926567329459814,
    60.92664198840126,
    60.968727163460485,
    60.96905118934123,
    61.38330039528955,
    61.38342113537778,
    61.387491960402215,
    61.38775294620692,
    61.420450519758575,
    61.422115834524035,
    61.68543315640427,
    61.6855321724632,
    61.69923322850589,
    61.699803817541564,
    61.71737347573108,
    61.71852600244169,
    61.79468121845751,
    61.795299445450524,
    61.8377490205025,
    61.839169455917016,
    61.890707964711254,
    61.89131636796034,
    61.9800921090507,
    61.980580063445906,
    61.996996236648506,
    62.00048547802773,
    62.046894093829835,
    62.04838356554126,
    62.066775572441145,
    62.06991972587,
    62.091583060589414,
    62.0922500941799,
    62.16967798181324,
    62.16977312979467,
    62.18597274987822,
    62.18611691366914,
    62.38644872823166,
    62.38696934071665,
    62.45134430302922,
    62.4520281586485,
    62.59897775054563,
    62.60075442128864,
    62.88132936952653,
    62.88219906294768,
    63.03590133412286,
    63.03619128344906,
    63.08949896713665,
    63.08960897743364,
    63.20795550006149,
    63.20831970917454,
    63.33443880108699,
    63.33476865872394,
    63.34590524670579,
    63.34951487392757,
    63.3875741074345,
    63.38776167999039,
    63.59953402604087,
    63.600413692870234,
    63.672573990032916,
    63.67333754421556,
    63.71521489903842,
    63.715794857361544,
    63.71622148455738,
    63.716250388734096,
    63.83468773055097,
    63.83484863023771,
    63.85571902920029,
    63.855968080164395,
    63.865358587039765,
    63.86563572665196,
    63.98251620880028,
    63.982853865002156,
    63.98873565272558,
    63.988862982287216,
    64.05545926742526,
    64.05633752665706,
    64.05936324416749,
    64.05957068376874,
    64.22767062851653,
    64.22786762911579,
    64.29630347925941,
    64.29640324717077,
    64.45763937597948,
    64.45795566284615,
    64.48044534815793,
    64.48112504038957,
    64.49274714745249,
    64.49280297125645,
    64.56651910505164,
    64.56772697953849,
    64.7642453339436,
    64.7643488168262,
    64.8191602157864,
    64.81929179800821,
    64.81948877937629,
    64.81975919995934,
    64.85017370310588,
    64.85033483970572,
    64.97048997437106,
    64.97060352677659,
    64.98986597432315,
    64.99002932248204,
    65.02152084907732,
    65.02189228053584,
    65.07410976805808,
    65.07429542373436,
    65.09724783899765,
    65.09725696982447,
    65.10562236512496,
    65.10564452187941,
    65.15356230435715,
    65.15401273415051,
    65.17101724340449,
    65.17105874673292,
    65.22734355522181,
    65.22746548650221,
    65.2581916591525,
    65.25821546459026,
    65.31816738405801,
    65.31817506012422,
    65.3592078600841,
    65.35926340210126,
    65.40525791290841,
    65.40534404362022,
    65.43209460458992,
    65.43275647102878,
    65.4393010362725,
    65.43953050177385,
    65.45077320327228,
    65.45107961291647,
    65.46477747907124,
    65.46491005177727,
    65.50532563176624,
    65.50539931703133,
    65.50612273784634,
    65.50628009326297,
    65.56464628558687,
    65.56475920300005,
    65.61311763615421,
    65.61312408982023,
    65.70808266726284,
    65.70810543672717,
    65.73232754721377,
    65.73236978988142,
    65.75809992595715,
    65.7585010214028,
    65.76930937224299,
    65.76945946981334,
    65.77397460662866,
    65.77427450799574,
    65.84623721688799,
    65.84625077269125,
    65.89019546664524,
    65.89040218938767,
    65.90061858200437,
    65.90082427723345,
    65.9198891909005,
    65.9199249281593,
    65.9272002530968,
    65.92729881171783,
    65.96947881675621,
    65.9696542321771,
    66.03771331460234,
    66.03777409501934,
    66.05299487785281,
    66.0531106089332,
    66.33425705953726,
    66.33437054498499,
    67.29741192013036,
    67.30080832335328,
    67.55012066961051,
    67.59111626086104,
    67.94044242793947
  ],