{
  "feature_cols": [
    "own_badge_wmean",
    "enemy_badge_wmean",
    "own_badge_mean",
    "enemy_badge_mean",
    "own_badge_r10",
    "enemy_badge_r10",
    "own_badge_wstd",
    "enemy_nw_avg_mean",
    "enemy_dmg_avg_mean",
    "hero_hist_badge_wmean",
    "hero_hist_badge_max",
    "hist_kills_pm",
    "hist_hero_diversity",
    "player_kills_pm_wmean",
    "player_kills_pm_r10",
    "cs_efficiency_mean",
    "cs_x_hero_badge",
    "shot_accuracy_wmean",
    "win_rate_wmean",
    "net_worth_pm_wmean",
    "kda_wmean",
    "denies_pm_wmean",
    "nw_ratio_wmean"
  ],
  "n_features": 23,
  "blend_lgbm_weight": 0.3,
  "calibration_threshold": 58.0,
  "isotonic_knots_x": [
    58.001009947824315,
    58.013271221575415,
    58.0137975199238,
    58.110163407190825,
    58.11019707204921,
    58.23621584707579,
    58.23691465531192,
    58.31788920755213,
    58.31904808531914,
    58.32494147934409,
    58.32600266870631,
    58.53677083722176,
    58.537196187513885,
    58.94846645432015,
    58.94938467446196,
    59.002789148635834,
    59.00322023872635,
    59.008356695080096,
    59.00843667235142,
    59.19723051178927,
    59.19850413859978,
    59.1993480434124,
    59.199388739101394,
    59.24383697680222,
    59.2445237555244,
    59.62610193030437,
    59.626394204750454,
    59.66139508042765,
    59.66150914581995,
    59.71613913124259,
    59.71633081124871,
    59.83910616633832,
    59.839315983815055,
    60.03310503073733,
    60.03385288179666,
    60.08910210215396,
    60.090222534929026,
    60.22492325684472,
    60.225194688896906,
    60.382236574401276,
    60.38302395334628,
    60.41206528350765,
    60.41212296788538,
    60.469208571561666,
    60.46924585088448,
    60.59543001270549,
    60.5955599731998,
    60.6956226064849,
    60.69574931348734,
    60.89427393885867,
    60.89482945721916,
    60.986293133671595,
    60.98652662938743,
    61.03595217710132,
    61.036654720206585,
    61.1411541703678,
    61.14143614670134,
    61.26838344859163,
    61.269572848092416,
    61.351927618540756,
    61.352720056981056,
    61.4361457664047,
    61.43710512796065,
    61.43930120701131,
    61.43953797041553,
    61.4948755034807,
    61.4949394107401,
    61.76263111995334,
    61.76285397558527,
    61.820414277158015,
    61.82198728877888,
    61.973531247267616,
    61.976992622377004,
    61.99957600597878,
    61.99969199376869,
    62.10860443574732,
    62.10905043670603,
    62.13541292517224,
    62.135788472988445,
    62.32248761000409,
    62.323190648319795,
    62.386424259208255,
    62.386599277842194,
    62.64702484040172,
    62.64781380834171,
    62.6526173658754,
    62.65338352631886,
    62.65884305716366,
    62.65916571049874,
    62.66765891150879,
    62.67186325012434,
    62.68248822845241,
    62.684921241119525,
    62.72025386463376,
    62.72028185645946,
    62.887329426858535,
    62.887424658495505,
    62.931623961435164,
    62.93241182849925,
    62.93367832782819,
    62.93459719110709,
    62.94164614902049,
    62.94265080836598,
    62.95733614843583,
    62.957707106426426,
    63.02194000804849,
    63.022833354998454,
    63.03052603125691,
    63.031063499435845,
    63.08864551657977,
    63.08885472421295,
    63.09175232024023,
    63.0928216015607,
    63.15707501148039,
    63.157661499854186,
    63.32713270035077,
    63.32882916815716,
    63.53699669930941,
    63.539736345850805,
    63.62913377251169,
    63.62995301078876,
    63.64034087042501,
    63.640373551152614,
    63.6408014567031,
    63.64117322907721,
    63.6442666533568,
    63.645270634452174,
    63.80492335694079,
    63.80545171784685,
    63.83769201677063,
    63.83859119692805,
    63.917691343868526,
    63.91784062413822,
    63.93548327364659,
    63.935794913695034,
    64.01399905399852,
    64.01419751470135,
    64.08647411390473,
    64.08679662835024,
    64.20569724949172,
    64.20655617869723,
    64.7458352919929,
    64.746457285781,
    64.79436653767596,
    64.79445212946229,
    64.85503195682037,
    64.85524651542124,
    64.8553714472935,
    64.85548507421855,
    64.9369264429499,
    64.93704923858965,
    64.9722672201662,
    64.97261951444837,
    64.97644410670418,
    64.97649626059983,
    65.0528613722306,
    65.05287284668012,
    65.06974514579713,
    65.07044601305458,
    65.1108143996637,
    65.11088454853225,
    65.13774794456558,
    65.13779074963455,
    65.15222195887469,
    65.15234967797059,
    65.22279913278568,
    65.22327653491185,
    65.23414736588265,
    65.2341680458566,
    65.2670720843978,
    65.26730629017862,
    65.27717584247765,
    65.27725720176316,
    65.31511016387884,
    65.31585052973199,
    65.32026060173516,
    65.32032828826642,
    65.33903894826467,
    65.33921876067988,
    65.34455474607607,
    65.34469555085043,
    65.41847021380761,
    65.41855019029927,
    65.41991076770219,
    65.41999707003957,
    65.47834520346146,
    65.47836846913287,
    65.48994677873009,
    65.48997435871712,
    65.4990920458819,
    65.49944735073744,
    65.50298122688046,
    65.5033332237228,
    65.57613545058369,
    65.57642849776192,
    65.58103887224773,
    65.58114297330823,
    65.65712794772126,
    65.65735504046837,
    65.68973889416228,
    65.68982175602864,
    65.69116703722409,
    65.69125755669806,
    65.71127312394779,
    65.71143565130185,
    65.72454056852348,
    65.72460344472552,
    65.73233499972523,
    65.73258543474718,
    65.73941283343973,
    65.73950113813328,
    65.74271560771203,
    65.74289975540844,
    65.799017504482,
    65.7990525565676,
    65.84559192185529,
    65.8456920453559,
    65.9169350740283,
    65.91723878984662,
    65.95779049353153,
    65.95791699780459,
    66.07290485797193,
    66.07297337916256,
    66.07958248005156,
    66.07987963874598,
    66.20194185319392,
    66.20232797087874,
    66.21747814688949,
    66.21766602701837,
    66.23966080611063,
    66.23981322304559,
    66.3764562975462,
    66.37690226023969,
    68.04989160978168,
    68.09655405688407,
    69.54283917458261
  ],