{
  "feature_cols": [
    "own_badge_wmean",
    "enemy_badge_wmean",
    "own_badge_mean",
    "enemy_badge_mean",
    "own_badge_r10",
    "enemy_badge_r10",
    "own_badge_wstd",
    "enemy_nw_avg_mean",
    "enemy_dmg_avg_mean",
    "hero_hist_badge_wmean",
    "hero_hist_badge_max",
    "hist_kills_pm",
    "hist_hero_diversity",
    "player_kills_pm_wmean",
    "player_kills_pm_r10",
    "cs_efficiency_mean",
    "cs_x_hero_badge",
    "shot_accuracy_wmean",
    "win_rate_wmean",
    "net_worth_pm_wmean",
    "kda_wmean",
    "denies_pm_wmean",
    "nw_ratio_wmean"
  ],
  "n_features": 23,
  "blend_lgbm_weight": 0.3,
  "calibration_threshold": 58.0,
  "isotonic_knots_x": [
    58.00053260818646,
    58.001072582872645,
    58.00136197494496,
    58.0074208211117,
    58.00760021395936,
    58.01133395605143,
    58.01158729853124,
    58.373599865738555,
    58.37387252317792,
    58.50369085837188,
    58.50392061776488,
    58.5066677592319,
    58.506787307656296,
    58.68665389600703,
    58.687001525156106,
    58.83265327128,
    58.83279848848035,
    58.8416981423306,
    58.8418631519204,
    58.92976678443843,
    58.930195494657994,
    58.934886412578834,
    58.93513511863062,
    59.00656407150397,
    59.00659798445042,
    59.31278346633526,
    59.312825861858116,
    59.31432039103588,
    59.31432831911479,
    59.33681720121521,
    59.33687575408308,
    59.552905803727924,
    59.5529797440455,
    59.55758708017578,
    59.557729424885814,
    59.55798645330614,
    59.558000212454445,
    59.813145665661075,
    59.81347130045981,
    59.816178853744546,
    59.81638915273973,
    59.81678110226481,
    59.81704336675081,
    59.842749064548975,
    59.84276077287309,
    59.919831482302435,
    59.92003184363119,
    59.996842724506585,
    59.99685898213271,
    60.250219621175034,
    60.25054986366667,
    60.30981865092264,
    60.31005723171895,
    60.408715249941736,
    60.409119550309114,
    60.45905964254216,
    60.45922206752847,
    60.54144154426196,
    60.54149653176737,
    60.557686498423365,
    60.557830795085096,
    60.658766696102724,
    60.65978657550421,
    60.824780512433975,
    60.824973265060144,
    60.83469507688272,
    60.834799443601405,
    61.06503735557369,
    61.06516023678492,
    61.128912802688376,
    61.1298350956522,
    61.154870205786345,
    61.15505366217002,
    61.20486288430949,
    61.20510716302603,
    61.4600430967022,
    61.46040837125645,
    61.463384538694555,
    61.463435731072565,
    61.58287717163839,
    61.58372087648072,
    61.65524260501388,
    61.65541600801761,
    61.679648987482395,
    61.68005622255606,
    61.74240844624224,
    61.742836845866336,
    61.86093180810154,
    61.86111457297646,
    61.892437012952804,
    61.89256850376053,
    62.009379739423984,
    62.00951281659351,
    62.118691952153796,
    62.118738073238426,
    62.13264591857825,
    62.13306172478964,
    62.13433657866371,
    62.13457620812996,
    62.22863745294504,
    62.228985920546975,
    62.32417500359092,
    62.32425504997292,
    62.53214492140032,
    62.532211719837406,
    62.68640970679995,
    62.686448779634944,
    62.68672043561483,
    62.750543477143665,
    62.75109612299656,
    62.82458448702248,
    62.8246594457396,
    62.9403063944141,
    62.940661112091455,
    63.08118174903163,
    63.08165782441535,
    63.081817789923605,
    63.08204106434095,
    63.09438398940616,
    63.0946414747192,
    63.09783077116117,
    63.09804582645123,
    63.14454860902439,
    63.14470468731756,
    63.23110984254743,
    63.231159500642484,
    63.24189482923666,
    63.242225208925504,
    63.260768042831664,
    63.26142652135471,
    63.40021055055113,
    63.40086635672304,
    63.51150676276319,
    63.511562812421616,
    63.53262954524466,
    63.5333076021593,
    63.55912844384382,
    63.55919673355275,
    63.597530971652176,
    63.59794936354277,
    63.62760279804664,
    63.62784706795473,
    63.670442634951996,
    63.670833566595476,
    63.686062263412595,
    63.68613688657922,
    63.68743150523528,
    63.687661137693205,
    63.832333975345335,
    63.83296670976368,
    63.8676087335531,
    63.868341249800864,
    63.89127526747172,
    63.891379685809426,
    64.10834148368772,
    64.10836973977715,
    64.131562887799,
    64.13163512344379,
    64.158968700369,
    64.15919240219151,
    64.32442302031572,
    64.32443038607849,
    64.43135577470716,
    64.43136061189645,
    64.60287248719615,
    64.60302145932035,
    64.77529884882307,
    64.77532881719728,
    64.87683013632025,
    64.8768963356565,
    64.97827324451927,
    64.97838053978073,
    64.98290938508987,
    64.98296226798158,
    65.00400193045859,
    65.0040073493193,
    65.00466974802578,
    65.00486852136913,
    65.03633636851313,
    65.0367939673319,
    65.10598078896024,
    65.10598410023812,
    65.11102477194737,
    65.11105748095957,
    65.1152897540846,
    65.1153546882178,
    65.12204521380934,
    65.12206306717327,
    65.20143313436496,
    65.20147563785223,
    65.2261223532877,
    65.22646359862334,
    65.25593654730687,
    65.25594329788134,
    65.27013754121208,
    65.27020722596217,
    65.27046133712673,
    65.27086337628477,
    65.2951708907361,
    65.29517916620976,
    65.32393500905664,
    65.32405926068272,
    65.3389162322788,
    65.3389646993906,
    65.37841462911751,
    65.3785830754557,
    65.41893433008568,
    65.41894289311591,
    65.44339748514689,
    65.44352062852533,
    65.47048893237618,
    65.47052159398046,
    65.50642385174014,
    65.50642940338304,
    65.53090125539205,
    65.53104662569761,
    65.543051455814,
    65.5431591837829,
    65.54505694255577,
    65.54518214031138,
    65.56195482975967,
    65.56201554460235,
    65.63654001140942,
    65.636580700629,
    65.63717242920407,
    65.63717290189251,
    65.68395350188717,
    65.68402223710848,
    65.68604615285416,
    65.6861197470421,
    65.68669020900123,
    65.68682829184488,
    65.70475560002431,
    65.70477084076255,
    65.74829894433972,
    65.74830671112286,
    65.75225377454741,
    65.75227519656309,
    65.82588494151491,
    65.82596125085188,
    65.85250274283231,
    65.85253547520318,
    65.8661974090146,
    65.8662356464912,
    65.86941946688086,
    65.86946781640583,
    65.912968054679,
    65.91315663621393,
    66.03796995132586,
    66.03799968531442,
    66.04547521162239,
    66.0454892991408,
    66.05351567660094,
    66.05371786330825,
    66.0568953301981,
    66.05698307952196,
    66.15079718882706,
    66.1509963557828,
    67.40670342059008,
    67.42747159218415,
    67.62040849565076
  ],